{
  "Abs": [
    "Sit-ups",
    "Squats",
    "Crunches"
  ],
  "Back": [
    "Deadlifts",
    "Bent-Over Row"
  ],
  "Biceps": [
    "Left Arm Dumbbell Curl",
    "Right Arm Dumbbell Curl",
    "Barbell Curl"
  ],
  "Chest": [
    "Flat Barbell Bench Press",
    "Inclined Dumbell Bench Press",
    "Chest Pushups"
  ],
  "Legs": [
    "Squats",
    "Deadlifts",
    "Kettlebell Swings",
    "Lunges"
  ],
  "Shoulders": [
    "Overhead Press",
    "Dumbbell Front Raise",
    "Upright Rows"
  ],
  "Triceps": [
    "Dumbbell Triceps Extension",
    "Tricep Pushups",
    "Tricep Rope Pushdown"
  ]
}